entity,type,mentioned_in
Larkfield,Place,01_post_round_map.md
Larkfield Post Office,Place,01_post_round_map.md
Mill Road,Street,01_post_round_map.md
Lark Lane,Street,01_post_round_map.md
Larkfield Park,Place,01_post_round_map.md
Rowe's Bakery,Place,01_post_round_map.md
Station Inn,Place,01_post_round_map.md
No. 10 Lark Lane,House,01_post_round_map.md
No. 12 Lark Lane,House,01_post_round_map.md; 03_floor_plan.md
No. 14 Lark Lane,House,01_post_round_map.md
Mr Bell,Person,01_post_round_map.md; 02_letter.md
Saturday,Day,01_post_round_map.md; 02_letter.md; 04_diary.md
birthday parcel,Object,01_post_round_map.md; 02_letter.md
blue cap,Object,02_letter.md; 04_diary.md
Grandma Rose,Person,02_letter.md
Seaview Cottage,Place,02_letter.md
Brighton,Place,02_letter.md
Tom Hale,Person,02_letter.md; 03_floor_plan.md; 04_diary.md
Margaret Hale,Person,02_letter.md; 04_diary.md
Biscuit,Animal,02_letter.md; 04_diary.md
man in a blue cap,Person,04_diary.md
front door,Object,03_floor_plan.md; 04_diary.md
key,Object,04_diary.md
Grandpa's secret drawer,Object,03_floor_plan.md; 04_diary.md
Tom's room,Room,03_floor_plan.md; 04_diary.md
window seat,Object,03_floor_plan.md
hall,Room,03_floor_plan.md
parlour,Room,02_letter.md; 03_floor_plan.md
kitchen,Room,03_floor_plan.md
parents' room,Room,03_floor_plan.md
